Model,Class,Precision,Recall,F1 Score,Support
Logistic Regression,Negative,0.2857142857142857,0.5,0.36363636363636365,4
Logistic Regression,Neutral,0.3333333333333333,0.25,0.2857142857142857,4
Logistic Regression,Positive,0.5,0.25,0.3333333333333333,4
Multinomial Naive Bayes,Negative,0.25,0.5,0.3333333333333333,4
Multinomial Naive Bayes,Neutral,0.5,0.25,0.3333333333333333,4
Multinomial Naive Bayes,Positive,0.0,0.0,0.0,4
Linear SVM,Negative,0.2857142857142857,0.5,0.36363636363636365,4
Linear SVM,Neutral,0.3333333333333333,0.25,0.2857142857142857,4
Linear SVM,Positive,0.5,0.25,0.3333333333333333,4
