text,sentiment
"The product quality is exceptional and exceeded all my expectations.",Positive
"Customer support was quick, friendly, and resolved my issue in minutes.",Positive
"I really love the clean design and smooth user experience of this app.",Positive
"This laptop has great battery life and delivers outstanding performance.",Positive
"The delivery arrived ahead of schedule and the packaging was in perfect condition.",Positive
"Highly recommend this service to anyone looking for reliable and fast solutions.",Positive
"I couldn't be happier with this purchase; it's absolutely fantastic!",Positive
"The sound clarity on these headphones is truly mind-blowing and crystal clear.",Positive
"An absolute masterpiece of software engineering, runs like a dream!",Positive
"The customer care team went above and beyond to help me out. Thank you!",Positive
"Brilliant feature set! Everything works seamlessly right out of the box.",Positive
"I've been using this tool every day for months and it has never let me down.",Positive
"Super fast shipping, top quality materials, and very reasonable pricing.",Positive
"I'm genuinely impressed by how intuitive and user-friendly the interface is.",Positive
"Definitely worth every single penny. Five stars without any hesitation!",Positive
"The camera captures vibrant colors and stunning detail even in low light.",Positive
"Very satisfied with the timely communication and excellent resolution provided.",Positive
"This is by far the best investment I have made for my daily workflow.",Positive
"Great job by the developers, updates keep adding truly valuable features!",Positive
"The setup guide was straightforward and I had everything running in five minutes.",Positive
"The item arrived completely damaged and the outer packaging was torn.",Negative
"Very disappointing customer service, they took four days to reply to my email.",Negative
"The application crashes constantly and has too many frustrating bugs.",Negative
"The battery drains within an hour of light usage, completely unacceptable.",Negative
"I regret buying this phone, it is noticeably slow and overpriced.",Negative
"Terrible experience overall, the food was cold and the order was incorrect.",Negative
"This product is not good at all, it stopped working on the second day.",Negative
"I don't recommend this service to anyone; they won't issue refunds.",Negative
"The screen flickering issue wasn't resolved even after two software updates.",Negative
"Horrible build quality! The plastic frame cracked after just one week.",Negative
"The website is full of spam ads and navigation is an absolute nightmare.",Negative
"I am not happy with the quality, it doesn't match the photos on the website.",Negative
"Extremely noisy fan and the device overheats during even basic tasks.",Negative
"Customer representative was rude and didn't solve my account problem.",Negative
"Save your money and avoid this brand, there is no value here whatsoever.",Negative
"The software update broke several core features that I rely on daily.",Negative
"Delivery took three weeks longer than promised without any explanation.",Negative
"I've never encountered such poor reliability in an enterprise product.",Negative
"The fabric felt cheap and the zipper was stuck right out of the box.",Negative
"Completely useless instructions, nothing worked as described in the manual.",Negative
"The package was delivered yesterday afternoon as scheduled.",Neutral
"The device comes with a standard USB-C charging cable inside the box.",Neutral
"The retail store is open from 9 AM to 8 PM Monday through Saturday.",Neutral
"The product dimensions are 15 cm by 10 cm and it weighs approximately 300 grams.",Neutral
"I received an automated confirmation email regarding my recent account update.",Neutral
"The scheduled software update was released on Tuesday morning.",Neutral
"The user manual is available for download in PDF format on the official website.",Neutral
"The subscription automatically renews on the first day of each calendar month.",Neutral
"The system requirements state that at least 8 GB of RAM is required.",Neutral
"The flight from New York to London takes approximately seven hours.",Neutral
"A notification was sent to all registered users regarding scheduled maintenance.",Neutral
"The package contains two AA batteries and an instructional booklet.",Neutral
"The conference will take place from October 15th to October 17th in Chicago.",Neutral
"The company announced its quarterly financial results during a press briefing.",Neutral
"Standard shipping typically takes between three to five business days.",Neutral
"The vehicle is equipped with four doors and front-wheel drive.",Neutral
"The museum is closed on national holidays and Sunday afternoons.",Neutral
"Your support ticket number has been generated and queued for review.",Neutral
"The document has been saved to the designated shared directory.",Neutral
"The temperature sensor records readings once every fifteen minutes.",Neutral
